lp,src,mt,ref,score,raw,annotators,domain
en-tr,"For a good chunk of the team, these idle minutes constitute a midday break.","Takımın iyi bir parçası için, bu boş dakikalar gün ortası molasıdır.",Takımın önemli bir kısmı için bu boş dakikalar gün ortası molasını oluşturuyor.,-0.497569633701616,24.0,1,news
en-tr,The pound was 0.5% down at 1.31 US dollars and fell 0.4% to 1.11 euros.,"Pound, 1,31 ABD dolarına göre% 0,5 düşüş gösterdi ve% 0,4 düşüşle 1,11 avroya geriledi.","Pound %0,5 düşerek 1,31 ABD doları ve %0,4 düşerek 1,11 avro oldu.",0.976350874110724,88.0,1,news
en-tr,The answer of this question was hidden in one of Mehmet Görmez’s overseas trips.,Bu sorunun cevabı Mehmet Görmez'in yurtdışı gezilerinden birinde gizlendi.,Sorunun yanıtı Mehmet Görmez'in bir yurt dışı gezisinde saklıydı.,0.461946971288744,75.0,1,news
en-tr,"She shared the message ""Why was your death was required?""","""Ölüm neden gerekliydi?"" Mesajını paylaştı.","""Ne gerek vardı ki şimdi ölüme"" mesajını paylaştı.",0.892422457271084,94.0,1,news
en-tr,Republicans in Congress are pushing for a broader rewrite of the ozone rules.,Kongrede Cumhuriyetçiler ozon kurallarının daha geniş bir yeniden yazımı için bastırıyorlar.,Kongredeki Cumhuriyetçiler ozon kanunlarının daha geniş bir tekrar yazımı için baskı yapıyor.,1.39970341417945,99.0,1,news
en-tr,"However, the problems between those two countries are worrying us and naturally this causes investors to postpone their decisions somewhat more.","Ancak, bu iki ülke arasındaki sorunlar bizi endişelendiriyor ve doğal olarak bu durum yatırımcıların kararlarını bir miktar daha ertelemelerine neden oluyor.",Fakat bu iki ülke arasındaki problem bizi üzüyor ve haliyle yatırımcıların kararlarını biraz daha ertelemelerini sağlıyor.,1.06476251447995,87.0,1,news
en-tr,"It might have been a matter of borrowing or lending money, or some exchange of foul words.",Para ödünç verme ya da borç verme ya da bazı kötü kelimelerin alışverişi meselesi olabilirdi.,"Orada bir borç alma borç verme durumu, ya da küfürleşme olmuş olabilir.",-0.329443648437379,55.0,1,news
en-tr,Payments will be made through Social Aid Cards issued by the PTT.,Ödemeler PTT tarafından verilen Sosyal Yardım Kartları ile yapılacaktır.,Ödemeler PTT aracılığıyla sağlanacak Sosyal Yardım Kartları üzerinden yapılacak.,0.965081154418621,100.0,1,news
en-tr,"Best of luck to you.""","Sana iyi şanslar. ""","Sana iyi şanslar.""",1.4511852459464,100.0,1,news
en-tr,"And I think, like most Americans, we're all proud of the helicopter and other military equipment that so many Americans worked tirelessly to do.","Ve sanırım, çoğu Amerikalı gibi, birçok Amerikalı'nın yorulmadan çalıştığı helikopter ve diğer askeri ekipmanlarla gurur duyuyoruz.",Ve çoğu Amerikalı gibi birçok Amerikalı'nın yapmak için yorulmadan çalıştığı helikopter ve diğer askeri ekipmanlarla hepimizin gurur duyduğunu düşünüyorum.,0.541086033261356,77.0,1,news
en-tr,"From 2+1 rooms to 5+1 rooms, Dia Mare makes available various types of apartments.","2 + 1 odadan 5 + 1 odaya kadar Dia Mare, çeşitli tiplerde daireler sunmaktadır.",Dia Mare'de 2+1'den 5+1'e değişen çok sayıda daire tipi bulunuyor.,1.17419852904225,93.0,1,news
en-tr,Erfan had to think creatively to resolve the brief.,"Erfan, özeti çözmek için yaratıcı düşünmek zorundaydı.",Erfan meseleyi çözmek için yaratıcı bir şekilde düşünmeliydi.,0.645325959041558,60.0,1,news
en-tr,"In the tender, run under a model developed by the Ministry of Energy and Natural Resources as they seek to reduce foreign dependency and to move towards domestic energy sources, a world record was broken.","İhalede, dışa bağımlılığı azaltmak ve iç enerji kaynaklarına yönelmek amacıyla Enerji ve Tabii Kaynaklar Bakanlığı tarafından geliştirilen bir model altında çalışarak bir dünya rekoru kırıldı.",Enerji ve Tabii Kaynaklar Bakanlığı'nın dışa bağımlılığı azaltarak milli enerjiye geçişi sağlamak için kurguladığı modelle yapılan ihalede dünya rekoru kırıldı.,0.223876106711103,47.0,1,news
en-tr,"Despite that, and the fact that Valdez was intimately aware of the perils of his work, Ismail Bojorquez, 60, a co-founder and director of Riodoce, is wracked with guilt for failing to protect his friend.","Buna rağmen ve Valdez'in çalışmalarının tehlikelerini yakından fark etmesi gerçeği, Riodoce'un kurucusu ve yöneticisi olan İsmail Bojorquez 60 yaşındaki arkadaşını korumakta başarısız olduğu için suçluluk içinde.","Buna rağmen ve Valdez'in işinin tehlikelerinin derinlemesine farkında olmasına rağmen Riodoce'nin kurucu ortağı ve müdürü Ismail Bojorquez (60), arkadaşını korumakta başarısız olduğu için suçluluktan yıkılmış.",-0.172016693066975,62.0,1,news
en-tr,"Spanning the middle ages to the Edwardian era, A Castle in England documents the families that lived in Scotney, with each story illustrated by a different, upcoming UK artist - Isaac Lenkiewicz, Briony May Smith, William Exley, Becky Palmer and Isabel Greenberg.","Orta çağları Edward dönemine yaymak için İngiltere'deki bir Kale, farklı bir İngiliz sanatçı olan Isaac Lenkiewicz, Briony May Smith, William Exley, Becky Palmer ve Isabel Greenberg tarafından resmedilen her hikaye ile Scotney'de yaşayan aileleri belgeliyor.","Edward devrinden Orta Çağ'a kadar uzanan İngiltere'de Bir Kale, her hikaye Birleşik Krallık'tan adı geçen farklı bir sanatçı (Isaac Lenkiewicz, Briony May Smith, William Exley, Becky Palmer ve Isabel Greenberg) tarafından resmedilmek üzere Scotney'de yaşamış aileleri belgeliyor.",-0.125000067536969,47.0,3,news
en-tr,"Aksigorta, Anadolu Sigorta and Gunes Sigorta are trading on Borsa Istanbul.","Aksigorta, Anadolu Sigorta ve Güneş Sigorta, Borsa İstanbul'da işlem görmektedir.","Borsa İstanbul'da Aksigorta, Anadolu Sigorta ve Güneş Sigorta işlem görüyor.",0.748966845761089,76.0,1,news
en-tr,"""What?!,"" Rascona asked.","""Ne?!"" Diye sordu Rascona.","Rascona ""Ne?!"" diye sordu.",1.03605381732369,86.0,1,news
en-tr,For 15–20 minutes security set up a blockade between us.,15-20 dakika boyunca güvenlik aramızda bir abluka kurdu.,15-20 dakika boyunca güvenlik set çekti aramıza.,0.289627691260929,60.0,1,news
en-tr,When you were young they didn’t want you because they didn’t like your rankings in Cuba.,"Gençken, seni istemediler çünkü Küba'daki sıralamanızı beğenmediler.",Gençken Küba'da derecelerini beğenmedikleriniiçin seni istemediler.,-0.0223569314681314,48.0,1,news
en-tr,"""We need to do everything over the next few months to normalize this situation.","""Bu durumu normalleştirmek için önümüzdeki birkaç ay boyunca her şeyi yapmalıyız.","""Gelecek birkaç ay zarfında bu durumu normalleştirmek için her şeyi yapmalıyız.",1.22623880039538,100.0,2,news
en-tr,"According to the collective labor agreement signed, ground personnel who are members of the IZDENIZ union will receive a 12% salary increase.","İmzalanan toplu iş sözleşmesine göre, İZDENİZ birliği üyesi olan yer personeli,% 12 maaş artışı alacak.",İmzalanan toplu iş sözleşmesine göre İZDENİZ bünyesindeki kara personelinin maaşına yüzde 12 oranında zam yapılacak.,0.850538067584469,73.0,1,news
en-tr,"A source close to the government said: - ""According to scholars, Mehmet Görmez did not look out for orthodox followers of the sunnah!""","Hükümete yakın bir kaynak şöyle demişti: - “Bilim adamlarına göre Mehmet Görmez, sünnetin ortodoks takipçilerine bakmadı!”","İktidara yakın kaynak dedi ki: - ""Geleneksel ulemaya göre, Mehmet Dönmez ehli sünnete sahip çıkmadı!""",-1.33309652723575,28.0,1,news
en-tr,"When we look at it from 200 years of historical cooperation between Turkey and Germany, I think this result will make an important contribution to Turkey-Germany relations.","Türkiye ile Almanya arasındaki 200 yıllık tarihi işbirliğinden baktığımızda, bu sonucun Türkiye-Almanya ilişkilerine önemli bir katkı sağlayacağını düşünüyorum.","Türkiye ve Almanya'nın 200 yıllık tarihsel işbirliği açısından da baktığımızda, bu sonucun Türkiye-Almanya ilişkilerine önemli bir katkı sağlayacağını düşünüyorum.",1.72612100140087,100.0,1,news
en-tr,"The newly released trailer sees Pedro Pascal return as Javier Peña, the character enlisting American and Colombian law enforcement to help with the war on drugs.",Yeni çıkan treyler Pedro Pascal'ın uyuşturucuyla savaşmak için Amerikan ve Kolombiya kolluk kuvvetlerine yardım eden karakteri olan Javier Peña olarak geri döndüğünü görüyor.,"Yeni çıkan fragmanda Pedro Pascal, Amerikalı ve Kolombiyalı kolluk kuvvetlerine uyuşturucuya karşı savaşta destek sağlayan karakter olan Javier Peña olarak geri dönüyor.",0.791360089873013,78.0,1,news
en-tr,"Buyukataman said ""These are propaganda aimed at creating an anti-MH perception, but their campaign shall turn against them"".","Büyükada, ""Bunlar bir anti-MH algısı yaratmayı amaçlayan propagandadır, ancak kampanyaları onlara karşı dönecektir"" dedi.","Büyükataman, ""Bunların MHP aleyhinde algı oluşturmaya dönük propaganda ve kampanyaları ters tepecektir"" dedi.",1.06540867634575,85.0,1,news
en-tr,"""These rate estimates include personnel, maintenance and many other sunk costs that are included in annual appropriations.""","""Bu oran tahminleri, yıllık ödeneklerde yer alan personel, bakım ve diğer birçok batık maliyeti içerir.""","""Bu oran tahminleri personel, bakım ve yıllık giderler içerisinde yer alan batık maliyetleri kapsıyor.""",0.673601793604839,76.0,2,news
en-tr,The heat created by such a collision would cause third-degree burns on your body even if you were 100 km away from the collision point.,"Böyle bir çarpışmanın yarattığı ısı, çarpışma noktasından 100 km uzakta olsanız bile vücudunuzda üçüncü derece yanıklara neden olur.",Çarpma sonucu oluşan ısı nedeniyle çarpma noktasından 100 km uzakta olsanız bile vücudunuzda 3. derece yanık meydana gelir.,1.50074965716898,95.0,1,news
en-tr,Yesterday (the day before yesterday) evening we had another example of the same incident with an assault on our cardiovascular surgical physician by a patient’s relative.,"Dün (dünden önceki gün) akşam, aynı olayın bir örneğini, bir hastanın akrabası tarafından kardiyovasküler cerrahi doktorumuza yapılan bir saldırıda gördük.","Bu olayın bir örneğini dün (önceki gün) akşam, kalp damar cerrahi hekimimizin, bir hasta yakını tarafından darp edilmesiyle yeniden yaşamış bulunmaktayız.",0.811582979505467,76.0,1,news
en-tr,It just shows how far we've come.,Sadece ne kadar geldiğimizi gösteriyor.,Bu bizim ne kadar yol aldığımızı gösteriyor.,-0.497569633701616,24.0,1,news
en-tr,"On July 25, 1946, Loy Harrison, a prominent white landowner, paid $600 to bail Malcom out of jail, according to the FBI.","25 Temmuz 1946'da, önde gelen beyaz bir arazi sahibi olan Loy Harrison, FBI'ya göre Malcom'u hapisten kurtarmak için 600 dolar ödedi.","FBI'a göre, 25 Temmuz 1946'da önde gelen beyaz bir toprak sahibi olan Loy Harrison, Malcom'u hapisten çıkarmak için 600$ ödemiş.",1.33247665298748,97.0,1,news
en-tr,"This is a great showcase for this course.""","Bu, bu kurs için harika bir vitrin. ""","Bu saha için harika bir gösterim bu.""",-0.52729130336891,50.0,1,news
en-tr,They are preparing people for such things by scaring them.,İnsanları bu tür şeyleri korkutup onları hazırlıyorlar.,İnsanlara korku sağlayarak böyle şeyleri alıştırıyorlar.,-0.781119694999984,16.0,1,news
en-tr,"Pointing to July inflation coming down to single digits, in line with expectations, Business Investment Economist Muammer Kömürcüoğlu said ""The decrease in the food and garment groups’ prices has had an effect on the modest course of inflation.""","Beklentiler doğrultusunda Temmuz ayı enflasyonu tek haneli rakamlara inen İş Yatırım Ekonomisti Muammer Kömürcüoğlu, ""Gıda ve konfeksiyon gruplarının fiyatlarındaki düşüşün enflasyonun ılımlı seyri üzerinde bir etkisi oldu."" Dedi.","Temmuzda enflasyonun, beklentilere paralel olarak, tek haneye gerilediğine dikkat çeken İş Yatırım Ekonomisti Muammer Kömürcüoğlu, ""Enflasyondaki ılımlı seyirde, gıda ve giyim grupları fiyatlarındaki düşüşün etkisi var.""",-0.0690834517964064,42.0,1,news
en-tr,Bread is just as out of reach.,Ekmek sadece erişilemez.,Ekmek ulaşılamaz.,-1.16669623299293,5.0,1,news
en-tr,"Describing how the MSCI Emerging Markets Index had recorded a 23% increase and that looking at only this ratio, there had been a positive divergence, Ümüt said:","MSCI Gelişen Piyasalar Endeksi'nin% 23'lük bir artış kaydettiğini ve sadece bu orana bakmanın olumlu bir ayrılık olduğunu açıklayan Ümüt, şunları söyledi:","Ümüt, MSCI gelişmekte olan piyasalar (EM) endeksinin yüzde 23 yükseliş kaydettiğini, sırf bu oranlara baktığımızda bile pozitif ayrışmanın olduğunu belirterek şunları kaydetti:",0.878776106711751,88.5,2,news
en-tr,"Stressing that those products being sold are scratching the teeth’s dentin surfaces and colouring the teeth irreversibly, Nukhet Berk said ""Whitening of the teeth can be attained by the chemical materials applied by dentists or by porcelain surfaces stuck onto the teeth’s surfaces like a nail"".","Satılmakta olan ürünlerin dişlerin dentin yüzeylerini çizdiğini ve dişlerin geri dönülemeyecek şekilde renklendirildiğini vurgulayan Nukhet Berk, ""Dişlerin beyazlatılması diş hekimlerinin uyguladığı kimyasal malzemelerle veya dişin yüzeyine tırnak gibi yapışmış porselen yüzeylerle elde edilebilir"" dedi.","Satılan bu tür maddelerin mine yüzeyini çizdiğini, bir daha geri dönüşümü olmayacak şekilde dişlerin renklendiğini belirten Nükhet Berk, ""Dişlerin beyazlatılması, diş hekimleri tarafından uygulanan kimyasal maddelerle veya dişlerin yüzeyine takma tırnak gibi yapışan ince porselen yüzeylerle sağlanabilir"" diyor.",0.630067695522518,75.0,1,news
en-tr,"The US President berated him for publicly denouncing the wall, reportedly saying to him ""You cannot say that to the press.""","ABD Başkanı, duvarın halka açık bir şekilde kınanması için ona yalvardı, bildirildi ki ""Basına bunu söyleyemezsin.""","ABD başkanı duvarı halka açık bir şekilde topa tutan Meksika başkanını azarladı ve söylentiye göre ""Bunu basına söyleyemezsin."" dedi",-0.50181885461788,49.0,1,news
en-tr,"With season three, the DEA has turned their attention towards the richest drug trafficking organisation in the world: the Cali Cartel.","Sezon 3 ile DEA, dikkatlerini dünyanın en zengin uyuşturucu kaçakçılığı örgütü haline getirdi: Cali Kartel.",Üçüncü sezonla birlikte DEA dikkatini dünyadaki en zengin uyuşturucu kaçakçısı örgüte çeviriyor: Cali Karteli,-1.19610163814797,0.0,1,news
en-tr,Interpol was reported to have sent the list to European police forces in May.,Interpol'ün listeyi Mayıs ayında Avrupa polis teşkilatlarına gönderdiği bildirildi.,Interpol'ün de söz konusu listeyi Mayıs ayında Avrupa'daki polis teşkilatlarına ilettiği kaydedildi.,1.56315633280526,94.0,1,news
en-tr,"That is what happened in late February when someone mischievously gave the president a printed copy of an article from GotNews.com, the website of Internet provocateur Charles C. Johnson, which accused deputy chief of staff Katie Walsh of being 'the source behind a bunch of leaks' in the White House.","Şubat ayının sonlarında, birisinin başkan yardımcısı, başkan yardımcısı Katie Walsh'un Beyaz Saray'da 'bir sürü sızıntının ardında yatan kaynak' olmakla suçlanan internet provokatör Charles C. Johnson'un internet sitesi GotNews.com'dan bir makalenin basılı bir kopyasını verdi.","Şubat sonunda birisinin başkana, internet provokatörü Charles C. Johnson'ın sitesi GotNews.com'dan, özel kalem yardımcısı Katie Walsh'u Beyaz Saray'daki ""bir dizi sızıntının arkasındaki kaynak"" olmakla suçlayan bir makalenin basılı bir kopyasını fesatça vermesiyle de bu oldu.",-1.16674782994634,1.0,1,news
en-tr,"The continuing investigations into Prime Minister Netanyahu are listed as ""inappropriately taking money taken from businessmen, brokering a deal with a media tycoon to broadcast in his favor, and his name being involved in the procurement of submarines from Germany"".","Başbakan Netanyahu'yla ilgili devam eden soruşturmalar, ""iş adamlarından alınan parayı uygunsuz bir şekilde almak, bir medya kralıyla lehine bir anlaşma yapmak ve Almanya 'dan gelen denizaltıların satın alınmasına katılması"" olarak sıralanıyor.","Başbakan Netanyahu'nun hakkında devam eden soruşturmalar ""iş adamlarından uygunsuz para aldığı, bir medya patronuyla kendi lehine yayın yapması için pazarlık yaptığı ve Almanya'dan alınan denizaltılarda adının yolsuzluğa karışması"" şeklinde sıralanıyor.",0.164367913301397,46.0,1,news
en-tr,"In the short term, we think that, regarding pricing over 110,000, we should form a new narrative domestically or intentionally.","Kısa vadede, 110.000'den fazla fiyatlandırma ile ilgili olarak, yurtiçinde veya kasıtlı olarak yeni bir anlatı oluşturmamız gerektiğini düşünüyoruz.",Kısa vadede 110.000 üzeri fiyatlamalar için yerel ya da küresel yeni bir hikayenin oluşması gerektiğini düşünüyoruz.,0.423339002077194,58.0,1,news
en-tr,"""It is a clear case of 'financial doping', with the club and the state,"" La Liga President Javier Tebas told Spanish newspaper AS, referring to Qatar's ultimate ownership of PSG.","La Liga Başkanı Javier Tebas, Katar'ın nihai PSG mülkiyetine atıfta bulunan İspanyol gazetesi AS'ye verdiği demeçte, ""Kulüp ve devletle birlikte 'mali doping' açık bir olgudur.","La Liga başkanı Javier Tebas İspanyol gazetesi AS'a, Katar'ın PSG'nin kesin sahibi olduğuna atıfta bulunarak ""Bu, kulübü ve devleti ile açık bir 'mali doping' vakasıdır."" dedi.",0.0025779685330756,75.0,1,news
en-tr,"The TFF website also included the goalkeeper Utku Yuvakuran’s transfer fee, whom Beşiktaş had had on load before signing a contract with him until 31 May 2021.","TFF web sitesinde ayrıca, 31 Mayıs 2021'e kadar onunla sözleşme imzalamadan önce, Beşiktaş'ın yüklediği kaleci Utku Yuvakuran'ın transfer ücreti de vardı.","TFF internet sitesinde ayrıca, Beşiktaş'ın geçen sezon kiralık olarak kadroya dahil ettiği kaleci Utku Yuvakuran'ın bonservisinin alınarak kendisiyle 31 Mayıs 2021'e kadar sözleşme imzalandığı bilgisi yer aldı.",0.233578733145607,81.0,1,news
en-tr,Italy has warned NGOs operating migrant rescue boats in the Mediterranean they will not be allowed to continue if they do not sign up to new rules governing their operations.,"İtalya, Akdeniz'de göçmen kurtarma tekneleri işleten STK'ları uyardı ve operasyonlarını yöneten yeni kurallara uymadıkları takdirde devam etmelerine izin verilmeyeceklerini söyledi.","İtalya, Akdeniz'de göçmen kurtarma botu işleten STK'ları, eğer operasyonlarını etkileyen yeni kurallara uymazlarsa devam etmelerine izin verilmeyeceği konusunda uyardı.",0.965081154418621,100.0,1,news
en-tr,"In the meantime, the Spanish football player will go through a medical check tomorrow morning.","Bu arada, İspanyol futbolcu yarın sabah bir sağlık kontrolünden geçecek.","Bu arada İspanyol futbolcu, yarın sabah sağlık kontrolünden de geçecek.",1.02547735106334,98.0,1,news
en-tr,"When I came to the Municipality building, I saw the posters for this service and I called them immediately.","Belediye binasına geldiğimde, bu hizmetin posterlerini gördüm ve onları hemen aradım.",Belediyeye geldiğimde bu hizmetin afişlerini gördüm ve hemen aradım.,1.16137552266631,90.0,1,news
en-tr,But the excuses started almost immediately.,Ancak mazeret hemen başladı.,Fakat bahaneler neredeyse hemen başladı.,1.13489464583151,89.0,1,news
en-tr,Bags of TAPDK label hoods collected from used bottles were recorded by the police.,"Kullanılan şişelerden toplanan TAPDK etiket başlıklı torbalar, polis tarafından kaydedildi.",Kullanılmış şişelerden toplanmış poşetler dolusu TAPDK bandrollü kapüşonları polis ekipleri incelemesi kaydedildi.,0.102140449274556,50.0,1,news
en-tr,The local press wrote that the suicide bomber was from a Taliban group.,Yerel basında intihar bombacısının Taliban grubundan olduğu yazıyordu.,Yerel basında intihar bombacısının Taliban mensubu olduğu belirtiliyor.,1.1878563995011,91.0,1,news
en-tr,"One day after getting sued by 15 states, Environmental Protection Agency chief Scott Pruitt reversed his earlier decision to delay implementation of Obama-era rules reducing emissions of smog-causing air pollutants.","15 ülke tarafından dava alındıktan bir gün sonra, Çevre Koruma Dairesi başkanı Scott Pruitt, Obama dönemi kurallarının uygulanmasına yönelik olarak, hava kirliliğine neden olan hava kirleticilerinin emisyonunu azaltma konusundaki kararını ertelemeye karar verdi.","15 eyalet tarafından dava edilmesinden bir gün sonra, Çevre Koruma Örgütü başkanı Scott Pruitt daha önceki, pis dumana neden olan hava kirletici emisyonlarını düşüren Obama dönemi kanunlarının uygulanmasının geciktirilmesi kararını geri çekti.",0.102140449274556,50.0,1,news
en-tr,"The German media announced the development as ""German Siemens won a giant tender in Turkey"".","Alman basını bu gelişmeyi ""Alman Siemens, Türkiye'de dev bir ihale kazandı"" olarak ilan etti.","Alman medyası bu gelişmeyi ""Türkiye'deki dev ihaleyi Alman Siemens kazandı"" sözlerini duyurdu.",0.958949904167213,96.0,1,news
en-tr,The lack of press scrutiny means international pressure on the Indonesian government has been largely limited to Papua's immediate neighbors.,"Basın incelemesinin yapılmaması, Endonezya hükümetinin uluslararası baskısının büyük ölçüde Papua'nın yakın komşularıyla sınırlı kalması anlamına geliyor.","Basın denetlemesinin olmaması, Endonezya hükümetine uluslararası baskının çoğunlukla Papua'nın hemen yakınındaki komşularıyla sınırlı olduğu anlamına geliyor.",1.09347121163621,88.0,1,news
en-tr,Melis Salihoğlu’s death caused deep grief in her family and amongst her relatives.,Melis Salihoğlu'nun ölümü ailesinde ve akrabaları arasında derin bir üzüntü yarattı.,Melis Salihoğlu'nun ölümü ailesini ve yakınlarını yasa boğdu.,1.45580644429243,85.0,1,news
en-tr,Six Europeans on Interpol’s suicide bomber list,Interpol’ün intihar bombacısı listesindeki altı Avrupalı,Interpol'ün canlı bomba listesinde 6 Avrupalı,1.36545523893923,98.0,1,news
en-tr,"For him, the reenactment serves as a dramatic call to action and an annual reminder to the Monroe community that an injustice has never been corrected.","Ona göre, reenactment, haksız bir harekete geçirme eylemi ve Monroe topluluğuna bir haksızlığın asla düzeltilmediğini hatırlatıyor.","Kendisi için bu yeniden canlandırma, dramatik bir eyleme çağrı ve Monroe toplumuna bir adaletlesizliğin hiç düzeltilmediği yıllık bir hatırlatma niteliği taşıyor.",-1.00212567520458,38.0,1,news
en-tr,"""When new White House Chief of Staff John F. Kelly huddled with senior staff on his first day at work, he outlined a key problem in President Donald Trump's White House that he planned to fix: bad information getting into the president's hands.",New White House Genelkurmay Başkanı John F. Kelly ilk iş gününde üst düzey kadroyla uğraştığında Başkan Donald Trump'un Beyaz Sarayındaki önemli bir sorunu şöyle özetlemişti: Başbakan'ın eline kötü bilgi.,"""Beyaz Saray'ın yeni özel kalemi John F. Kelly işteki ilk gününde kıdemli personelle bir araya geldiğinde, Başkan Donald Trump'ın Beyaz Saray'ı ile ilgili çözmeyi planladığı temel bir problemi özetledi: kötü bilgilerin başkanın eline geçmesi.",-1.23954286112242,32.0,1,news
en-tr,"She added: ""In recent years, we have invested over £5m in our Tollcross site, notably on production lines and operational improvements.","O şunları ekledi: ""Son yıllarda, özellikle üretim hatlarında ve operasyonel iyileştirmelerde, Tollcross sitemize 5 milyon sterlin üzerinde yatırım yaptık.","Şunları ekledi: ""Son yıllarda Tollcross tesisine, özellikle üretim bantlarına ve operasyonel geliştirmelere, 5 milyon sterlinden fazla yatırım yaptık.",-0.797329304705002,15.5,2,news
en-tr,"""As it turns out it was Harrison who set up and ordered the murders,"" one FBI report concludes.","Bir FBI raporunda, ""Sonuç olarak, cinayetleri düzenleyen ve emir veren Harrison idi.""","Bir FBI raporu, ""Öyle anlaşılıyor ki cinayetleri ayarlayıp emri veren Harrison'mış."" sonucuna varıyor.",0.187661680349729,60.0,2,news
en-tr,Living the high life: mezzanine floor and clever design tricks have transformed this small Earls Court flat into a spacious home,Yüksek hayatı yaşamak: asma kat ve akıllı tasarım hileleri bu küçük Earls Court'u geniş bir eve dönüştürdü,Lüks hayatı yaşamak: Asma kat ve akıllı tasarım numaraları bu küçük Earls Courts dairesini ferah bir eve dönüştürmüş.,-0.988704971177282,11.0,1,news
en-tr,Barzani gave a speech at a ceremony in Duhok city commemorating the third anniversary of the DAESH terror group’s attack on Yazidis in the Sinjar District of Mousul City.,"Barzani, Duhok kentinde düzenlenen bir törende, DAESH terör grubunun Mousul Şehri'nin Sinjar İlçesi'nde Yezidis'e düzenlenen saldırının üçüncü yıldönümünü anma töreninde konuşma yaptı.","Barzani, terör örgütü DEAŞ'ın Musul'un Sincar ilçesindeki Ezidilere saldırmasının 3'üncü yıl dönümü dolayısıyla Duhok kentinde düzenlenen anma töreninde bir konuşma gerçekleştirdi.",-0.751383288756411,19.0,1,news
en-tr,"While police began a search for the lost tourist, his brother Robin Hoffman and his friends Angelo Durei and Jaimy Gewal went to Adana.","Polis kayıp turist için arama yaparken, kardeşi Robin Hoffman ve arkadaşları Angelo Durei ve Jaimy Gewal Adana'ya gitti.","Polis de kayıp turisti bulmak için harekete geçerken, kardeşi Robin Hoffman ve arkadaşları Angelo Durei ile Jaimy Gewald Adana'ya gitti.",1.56250311484708,97.0,1,news
en-tr,Michelle Carter sentenced for texts urging suicide of Conrad Roy,"Michelle Carter, Conrad Roy'un intiharını teşvik eden metinlerden mahkum edildi","Michelle Carter, Conrad Roy'un intihar etmesini teşvik eden mesajlar nedeniyle cezaya çarptırıldı",0.138573020321856,49.0,1,news
en-tr,Beşiktaş is expected to make an official statement on the Jeremain Lens transfer.,Beşiktaş'ın Jeremain Lens transferinde resmi bir açıklama yapması bekleniyor.,Beşiktaş'ın Jeremain Lens'in transferiyle ilgili resmi açıklama yapması bekleniyor.,0.079242599716638,47.0,1,news
en-tr,'It will go down in science history as one of the most beautiful and best preserved dinosaur specimens - the Mona Lisa of dinosaurs.',"'Bilim tarihine, en güzel ve en iyi korunmuş dinozor örneklerinden biri olan dinozorların Mona Lisa'sı olarak geçecek.'","'Bilim tarihine en güzellerinden bir tanesi ve en iyi korunmuş dinozor türü olarak, dinozorların Mona Lisa'sı olarak geçecektir.'",0.833849222215188,79.0,1,news
en-tr,But he did not silence his critics.,Fakat eleştirmenlerini susturmadı.,Fakat onu eleştirenleri susturmadı.,0.80420408785181,79.0,1,news
en-tr,But Scotney holds a special place for him.,Ama Scotney onun için özel bir yer tutar.,Fakat Scotney onun gönlünde ayrı bir yer tutuyor.,1.51785300183092,100.0,1,news
en-tr,"Our goal is not more transfers, but to pinpoint the right ones.","Hedefimiz daha fazla transfer değil, doğru olanları saptamaktır.","Amacımız fazla transfer değil, nokta atışı.",1.51785300183092,100.0,1,news
en-tr,Çağlar forecasted that the sector would be finishing the year with an increase of 15% in total premiums generated.,"Çağlar, sektörün toplam prim üretiminde% 15'lik bir artışla yılı bitireceğini tahmin etti.","Çağlar, sektörün toplam prim üretiminde yılı yüzde 15 büyüme ile tamamlamayacağını tahmin ettiğini söyledi.",1.18174441392423,89.0,1,news
en-tr,"Though the suspects have remained at large for decades, civil rights activists say the twin motivations for the lynchings were always well known throughout town: politics and sex.","Her ne kadar şüpheliler uzun yıllardır devam etseler de, sivil haklar aktivistleri linçler için ikiz motivasyonların her zaman kentte iyi biliniyor: siyaset ve cinsiyet.","Şüpheliler on yıllar boyunca kaçak olarak kalsa da insan hakları savunucuları, linçlerin ikiz motivasyonlarının kasabanın her yerinde her zaman çok iyi bilindiğini söylüyorlar: siyaset ve seks.",0.609157566252278,61.5,2,news
en-tr,"Among the people who are trying to cool themselves off in the Munzur Beach, Suna Tosun said that they chose Tunceli rather than the western coastline. ""I didn’t want to spend my holiday in the west, as it was better for our family to cool off in our local Munzur.""","Munzur Kumsalı'nda kendilerini serinletmeye çalışanlar arasında, Suna Tosun, batı sahilinden ziyade Tunceli'yi seçtiklerini belirterek, “Ailemizin yerel Munzur'da serinlemesinin daha iyi olması için tatilimi batıda geçirmek istemedim.” Dedi.","Munzur Plajında serinleyenler arasında yer alan Suna Tosun, tatil için batı illeri yerine tercihini Tunceli'den yana kullandığını belirterek, ""Ben batıda tatilimi geçirmek istemedim ailece Munzur'da serinlemek, kendi topraklarımızda kalmak daha doğruydu.""",0.271588771933532,50.0,1,news
en-tr,"Ümüt was recorded as saying that they had not seen a strong recovery on the domestically sourced newsfeed, and that the current outlook could be interpreted as more like triggering domestic markets to try to close the differences resulting from the increased risk appetite in the international arena.","Ümüt, yurt içi kaynaklı haber akışında güçlü bir toparlanma görmediklerini ve mevcut görünümün, uluslararası arenada artan risk iştahından kaynaklanan farklılıkları kapatmaya çalışmak için iç piyasaları tetiklemeye daha fazla benzediğini söyleyebilir.","Yurt içi kaynaklı haber akışı ile güçlü bir toparlanma görmediklerini bildiren Ümüt, mevcut görünümün daha çok yurt dışında risk alma iştahındaki artış ile yurt içi piyasaların benzerlerine göre aradaki farkı kapatma isteğinin tetiklemesi şeklinde yorumlanabileceğini kaydetti.",0.0961421256193765,57.5,2,news
en-tr,"A coroner places a sheet over the body of one of the victims of the Moore's Ford lynching on July 27, 1946.","Bir koroner, 27 Temmuz 1946'da Moore'un Ford linççisinin kurbanlarından birinin cesedinin üzerine bir sayfa yerleştirir.",Adli tabip 27 Temmuz 1946'da Moore'daki Ford lincinin kurbanlarının birinin cesedenin üzerine bir çarşaf koyuyor.,-1.1344196835791,3.0,1,news
en-tr,The former carpenter secured 27 of Papua's total 29 districts - including Paniai - on the way to the Presidential Palace in Jakarta.,"Eski marangoz, Papua'nın toplam 29 bölgesini - Paniai de dahil olmak üzere - 27 Jakarta'daki Başkanlık Sarayına giderken güvence altına aldı.","Eski marangoz, Jakarta'daki başkanlık sarayı yolunda ilerlerken, Panaia dahil Papua'nın 29 bölgesinden 27'sinin oyunu aldı.",0.134163550583246,45.0,1,news
en-tr,"""Before, we would have already known what happened,"" said Villarreal, 46, nicknamed ""El Flaco"" for his slender build.","46 yaşındaki Villarreal, ince yapılışı için ""El Flaco"" lakaplı “Daha önce, ne olduğunu zaten biliyorduk.","İnce yapısı nedeniyle ""El Flaco"" lakaplı Villareal (46), ""Önceleri neler olduğunu zaten bilirdik."" dedi.",0.0410780959684975,76.0,1,news
en-tr,"Looking at me in the face, he showed me to the young athletes and said ""Look at him, I trained him"".","Bana baktığımda, bana genç sporculara gösterdi ve ""Ona bak, onu eğittim"" dedi.","Yüzüme bakarak yanındaki genç sporculara beni gösterdi ve ""Bakın işte, onu ben yetiştirdim"" dedi.",-0.53642381556283,61.0,1,news
en-tr,These buildings were to be built according to the direction of the wind.,Bu binalar rüzgar yönüne göre inşa edildi.,Bu binaların rüzgârların yönüne göre yapılması gerekli.,0.118078350839341,78.0,1,news
en-tr,"As the youngest of her husband's four wives, she has been assigned no fields to tend.","Kocasının dört eşinin en küçüğü olarak, eğililecek bir alan tahsis edilmiştir.",Kocasının dört karısından en genci olarak hiçbir alanda kendisine görev verilmemiş.,-0.842906793849128,12.0,1,news
en-tr,He could have been involved with a gang.,Bir çete ile ilgilenmiş olabilirdi.,Çeteye bulaşmış olabilir.,0.395811919557056,57.0,1,news
en-tr,There is definitely politics in this and we cannot know what is behind the scenes.,Bu konuda kesinlikle politik var ve perde arkasında ne olduğunu bilemeyiz.,"İşin içinde mutlaka siyaset vardır da, perde arkasını bilemiyoruz.",-0.0097530311911886,44.0,1,news
en-tr,"Great success at the swimming, world championships","Yüzmede büyük başarı, dünya şampiyonaları","Havuzda büyük başarı, dünya şampiyonluğu geldi",0.786406967713024,75.0,1,news
en-tr,I think I’m dying.,Sanırım ölüyorum.,Sanırım ölüyorum.,1.50479599439535,100.0,1,news
en-tr,Ermut depicted the Abraaj Group’s entering into a partnership with the logistics company Netlog as a good example of this.,"Ermut, Abraaj Group'un lojistik firması Netlog ile bir ortaklık kurduğunu açıkladı.","Ermut, Abraaj Group'un lojistik şirketi Netlog'a ortak olmasının da buna iyi bir örnek olduğunu dile getirdi.",0.25498100145585,49.0,1,news
en-tr,"Consequently, we are able to identify small asteroids which could not previously be identified.","Sonuç olarak, daha önce tanımlanamayan küçük asteroitleri tanımlayabiliriz.",Bu sayede daha önce belirlenemeyen daha küçük boyuttaki asteroitleri de belirleme imkanımız var.,0.156578478274763,79.0,1,news
en-tr,"Much loved and valued, called ""Hocam"", he was a commander who had partaken in various battles, a valuable and senior commander.","Çok sevilen ve değerli, ""Hocam"" denilen, çeşitli savaşlarda, değerli ve kıdemli bir komutanı katılmış olan bir komutanıydı.","Çok sevdiği, değer verdiği, ""Hocam"" diye hitap ettiği, çeşitli savaşlarda yer almış değerli ve kıdemli bir komutan.",0.252828796863317,81.5,2,news
en-tr,Neck fractures most frequently occur in the fifth or sixth vertebra.,Boyun kırıkları en sık beşinci veya altıncı omurgada görülür.,"Boyun kırıkları en sık 5 ya da 6""ncı omurda gelişiyor.",0.753330453523801,94.5,2,news
en-tr,"On Monday, first-degree murder warrants without bail were issued for Wyndham Lathem, 42, and Andrew Warren, 56, for their alleged involvement in the death of Trenton H. James Cornell-Duranleau, Cook County court records show.","Pazartesi günü, Wyndham Lathem, 42 ve Andrew Warren, 56 için, birinci derece cinayet emri vermeden yayınlandı. Trenton H. James Cornell-Duranleau, Cook County mahkeme kayıtları gösterisinin ölümüne karıştığı iddiasıyla.","Cook idare bölgesi kayıtları; pazartesi günü, Trenton H. James Cornell-Duranleau'nun öldürülmesinde rol aldıkları iddiasıyla Wyndham Lathem (42) ve Andrew Warren (56) için kefalet olmadan birinci derece cinayet için tutuklama müzekkereleri çıkarıldığını gösteriyor.",-1.1181776190505,2.0,1,news
en-tr,A new breed of human resources start-ups is cropping up to help companies figure out how their employees feel.,"Yeni bir insan kaynağı girişimleri, şirketlerin çalışanlarının nasıl hissettiğini anlamalarına yardımcı olmak için yukarı doğru yayılıyor.","Yeni bir tür insan kaynakları start-up'ı, şirketlere çalışanlarının nasıl hissettiklerini anlamalarını sağlamak için ortaya çıkıyor.",0.271588771933532,50.0,1,news
en-tr,How'd that work out?,Bu nasıl çıktı?,Bu nasıl sonuç verdi?,0.565126853949834,60.0,1,news
en-tr,"Police teams claimed that re-usage of these labels by the suspects had caused the state a loss of 20,400,000 TL in tax revenue.","Polis ekipleri, bu etiketlerin şüpheliler tarafından yeniden kullanılmasının, devlete vergi gelirlerinde 20.400.000 TL zarar verdiğini iddia etti.",olis ekipleri şüphelilerin bandrolleri tekrar tekrar kullanımı sebebiyle devletin 20 milyon 400 bin lira vergi kaybının olduğunu öne sürdü.,0.183527347328642,47.0,1,news
en-tr,Yep.,Evet.,Evet.,1.50479599439535,100.0,1,news
en-tr,"She can be sleepy, conversational or she can 'be in the mood'!""","Uykulu, konuşkan olabilir ya da ruh halinde olabilir! ”","Uykulu olabiliyor, konuşmaya istekli olabiliyor ya da ""tam modunda"" olabiliyor.",-0.815301719897246,21.0,1,news
en-tr,"The electricity generated will meet the needs of around 1.1 million households. Each year, the three billion kWh of electricity energy generated will, on average, deliver a reduction of 1.5 million tonnes in CO2 emissions.","Üretilen elektrik yaklaşık 1,1 milyon hane halkının ihtiyaçlarını karşılayacaktır: Her yıl üretilen üç milyar kWh elektrik enerjisi, ortalama olarak CO2 emisyonlarında 1,5 milyon tonluk bir düşüş sağlayacaktır.",Yaklaşık 1.1 milyon evin ihtiyacını karşılayacak elektrik üretimi Her yıl asgari 3 milyar kWh elektrik enerjisi üretimi Ortalama 1.5 milyon ton CO2/yıl emisyon azaltımı.,0.163707199823961,52.0,1,news
en-tr,"At the beginning of last season, in the last four hours of the transfer period, Ozer Hurmaci signed a contract to 2019. He has played in 29 league matches, 2 cups, and in general contributed significantly with a performance of 5 goals and 4 assists.","Geçtiğimiz sezonun başında, transfer periyodunun son dört saatinde, Ozer Hurmaci 2019'a bir sözleşme imzaladı. 29 lig maçında 2 kupa oynadı ve genel olarak 5 gol ve 4 asist performansıyla önemli ölçüde katkıda bulundu.","Geçen sezon başında, transferin bitimine 4 saat kala yeşil-siyahlı kulüple 2019 yılına kadar sözleşme imzalayan Özer Hurmacı, 29 lig, 2 kupa maçında forma giyerken, 5 gol 4 asistlik performansı ile takıma önemli katkı sağlamıştı.",0.525581528990617,80.5,2,news
en-tr,"It agreed to fund the trial after the Court of Appeal upheld a High Court ruling last year, which said the NHS had the power to pay for PrEP despite its claims that local authorities should fund it.","Mahkeme, Temyiz Mahkemesinin geçen sene Yüksek Mahkemenin kararını onaylamasının ardından, NHS'nin yerel makamlar tarafından finanse edilmesi gerektiği yönündeki iddialarına rağmen PrEP'e ödeme gücü bulunduğunu ileri sürerek duruşmayı finanse etmeyi kabul etti.","Yüksek Mahkeme'nin geçen yıl aldığı kararı Temyiz Mahkemesi'nin onamasının ardından deneyi finanse etmeyi kabul etti. Kararda, NHS'nin yerel otoritelerin finanse etmesi iddialarına karşın, PrEP için ödeme yapabilecek gücünün olduğu söyleniyordu.",-1.2481182625514,30.0,1,news
en-tr,"And you do your part, we said.","Ve sen senin rolünü yaptın, dediler.",Siz de gereğini yapın dedik.,-0.823226939129644,40.0,1,news
en-tr,"When we talk about ""normalisation"" and Trump, we are referring to the scary possibility that his antics may one day cease to appal.","“Normalleşme” ve “Trump” hakkında konuştuğumuzda, bir süredir karşımıza çıkanların, bir günlüğüne son vermenin korkutucu olasılığını kastediyoruz.","""Normalleşme"" ve Trump hakkında konuştuğumuzda, bir gün onun tuhaf davranışlarının artık şoke etmeyebileceği korkunç ihtimalinden söz ediyoruz.",0.672546805768816,67.0,1,news
en-tr,Local people want more foreign governments to take note.,Yerel halk daha çok yabancı hükümetin not almasını istiyor.,Yerel halk daha fazla yabancı hükümetin ilgilenmesini istiyor.,0.461946971288744,75.0,1,news
en-tr,"On the Lucescu-Özbek meeting: ""We were finishing it when we went.""","Lucescu-Özbek toplantısında: ""Biz gittiğimizde bitirdik.""","Lucescu-Özbek görüşmesi: ""Biz gittiğimiz zaman bitiriyorduk.""",0.184960254384601,68.0,1,news
en-tr,"Indonesian Foreign Ministry spokesperson Arrmanatha Nasir shrugged off the group's allegations, telling journalists in Jakarta, ""In Indonesia, a democratic system still applies and there's free media so it's hard for the evidence of human rights cases to be covered up.""","Endonezya Dışişleri Bakanlığı sözcüsü Arrmanatha Nasir, grubun iddialarını Cakarta'daki gazetecilere anlatırken, ""Endonezya'da, demokratik bir sistem hala geçerli ve özgür medya var, bu yüzden insan hakları davalarının örtbas edilmesini zorlaştırıyor.""","Endonezya Dışişleri Bakanlığı sözcüsü Arrmanatha Nasir, Jakarta'daki gazetecilere, ""Endonezya'da demokratik sistem hala geçerli ve özgür medya var o yüzden insan hakları vakalarındaki delillerin üzerinin örtülmesi zor."" diyerek grubun iddialarını umursamadı.",0.580655564247663,78.0,1,news
en-tr,I am proud of my team anyway.,Zaten ekibimle gurur duyuyorum.,Takımımla yine de gurur duyuyorum.,0.811582979505467,76.0,1,news
en-tr,"Justice, who is the only billionaire in the state, according to Forbes, was elected in 2016.","Forbes'a göre eyaletteki tek milyarder olan adalet, 2016 yılında seçildi.","Forbes'a göre eyaletteki tek milyarder olan Justice, 2016 yılında seçilmişti.",-0.52274564549406,23.0,1,news
en-tr,His brother Yacobus echoed the view that people in Paniai are fearful of discussing the incident.,"Kardeşi Yacobus, Paniai'deki insanların olayı tartışmaktan korktukları görüşünü yineledi.","Kardeşi Yacobus, Paniai'deki insanların olayı tartışmaktan korktukları görüşünü tekrarlıyor.",1.32026078367507,96.0,1,news
en-tr,Such drugs can be taken every day or as soon as two hours before having sex.,Bu ilaçlar her gün ya da cinsel ilişkiden iki saat önce alınabilir.,Bu tür ilaçlar her gün ya da seks yapmadan hemen iki saat önceye kadar alınabiliyor.,0.0756595724397627,49.0,1,news
en-tr,This is really a very valuable and important piece.,Bu gerçekten çok değerli ve önemli bir parçadır.,Gerçekten çok değerli ve önemli bir parça.,0.965081154418621,100.0,1,news
en-tr,And the ones to change this are the Council Board and the General Assembly.,Ve bunu değiştirecek olanlar Konsey Kurulu ve Genel Kurul.,Bunu değiştirecek olan da Divan Kurulu ve Genel Kurul'dur.,0.965081154418621,100.0,1,news
en-tr,"""I had no experience in organizing.","""Organizasyonda hiç tecrübem yoktu.","""Organize etme konusunda bir deneyimim yoktu.",0.965081154418621,100.0,1,news
en-tr,"Reacting to the fact that the Iraqi central government gave no weapons at all for them to fight against the DAESH terrorist group, but rather that all of the weapons were supplied to Hashd Al-Shaabi, which was established quickly following a fatwa, Barzani added","Irak merkezi hükümetinin, DAEŞ terör örgütü ile mücadele etmeleri için hiçbir silah sağlamadığı gerçeğine tepki vermek yerine, bütün silahların bir fetvadan hemen sonra kurulan Haşdi El Şababi'ye sunulması, Barzani ekledi.",Terör örgütü DEAŞ ile mücadele sırasında Irak merkezi hükümetinin kendilerine silah vermediğini ancak kısa bir süre içerisinde bir fetva ile kurulan Haşdi Şabi'nin hemen yasallaştırılıp tüm silahların temin edildiğine tepki gösteren Barzani şunları kaydetti:,-0.0033307769849367,42.5,2,news
en-tr,I just drew on the fact that we're very lucky in this situation in that we've got a home World Championships.,"Sadece bu dünyada çok şanslı olduğumuz gerçeğini çizdim, çünkü bir Dünya Dünya Şampiyonasına sahibiz.","Ben bizim bu durumda çok şanslı olduğumuz gerçeğinden yararlandım, şu bakımdan ki, evimizde olan bir Dünya Şampiyonası var.",-0.842906793849128,12.0,2,news
en-tr,"He said he was sorry to ""all athletes who have had gold and silver medals snatched from them at competitions.""","""Altın ve gümüş madalya kazanan tüm sporcuların yarışmalarda kendilerinden koptuğu"" için üzgün olduğunu söyledi.","""Yarışmalarda altın ve gümüş madalyaları kendilerinden zorla alınan tüm atletlerden"" özür dilediğini söyledi.",-0.870433876369266,11.0,1,news
en-tr,Two Bulgarians Were Detained For Illegal Camping in Greece,Yunanistan'da Yasadışı Kampanya İçin İki Bulgar Gözaltına Alındı,İki Bulgar Yasadışı Kamp Yapma Gerekçesiyle Yunanistan'da Tutuklandı,-0.922989144552039,10.0,1,news
en-tr,"So, Mehmet Görmez was perceived as a reformer.",Böylece Mehmet Görmez bir reformcu olarak algılandı.,"Yani, Mehmet Görmez yenilikçi görülüyordu.",0.711895894957984,65.0,1,news
en-tr,"There are drug-traffickers, politicians, businesspeople, journalists suspected of being on the payroll of the government or the cartels, a catalog of villains who make the job of covering Mexico's chaos perilous.","Uyuşturucu kaçakçıları, politikacılar, iş adamları, hükümetin ya da kartellerin bordrolarında olduğundan şüphelenilen gazeteciler, Meksika'nın kaosunu tehlikeye atma işini yapan kötülerden oluşan bir katalog var.","Uyuşturucu kaçakçıları, politikacılar, iş insanları, hükümetin ya da kartellerin maaşa bağladığından şüphelenilen gazeteciler, bir liste dolusu Meksika'nın kaosunu gazetede yazma işini tehlikeli hale getiren kötü adam.",-0.418829325682689,34.5,2,news
en-tr,Security Minister Wiranto said in October 2016 that he was setting up a non-judicial mechanism to settle historic human-rights violations.,Güvenlik Bakanı Wiranto Ekim 2016'da tarihi insan hakları ihlallerini çözmek için yargı dışı bir mekanizma kurduğunu söyledi.,"Güvenlik Bakanı Wiranto Ekim 2016'da, tarihsel insan hakları ihlalleri için adli olmayan bir mekanizma kurduğunu söyledi.",0.799956182458358,76.0,1,news
en-tr,"Mass killings in Papua's tribal highlands during the 1970s amounted to genocide, according to the Asia Human Rights Commission.","Asya İnsan Hakları Komisyonu'na göre, 1970'lerde Papua'nın aşiret yaylalarındaki toplu katliamlar soykırım olarak gerçekleşti.",Papua'nın dağlık kesimlerinde 1970'lerdeki toplu katliamlar Asya İnsan Hakları Komisyonu'na göre soykırım rakamlarına ulaştı.,0.369862868534298,74.5,2,news
en-tr,"Later, the audience sits down to dinner with the actors.",Daha sonra seyirciler aktörlerle akşam yemeğine otururlar.,"Daha sonra izleyiciler, aktörlerle yemeğe oturuyor.",1.06540867634575,85.0,1,news
en-tr,The worst is over.,En kötüsü bitti.,En kötüsü geride kaldı diye.,0.847738185934133,80.0,2,news
en-tr,"It added that monetary policy ""cannot prevent"" the hit to incomes over the next few years, but expects wages will recover ""significantly"" towards the end of its three-year forecast.","Para politikasının önümüzdeki birkaç yıl içinde gelirlerin isabet oranını ""önleyemeyeceğini"", ancak ücretlerin üç yıllık tahmininin sonuna doğru ""önemli ölçüde"" iyileşeceğini umduğunu belirtti.","Banka, para politikasının önümüzdeki birkaç yıl içinde gelirlerin vurulmasını ""engelleyemeyeceğini"" fakat maaşların üç yıllık tahminlerinin sonuna doğru ""önemli ölçüde"" düzelmesini beklediğini söyledi.",0.706381825188662,76.0,1,news
en-tr,It continued for two hours.,İki saat devam etti.,2 saat sürdü.,0.366468766451261,68.0,1,news
en-tr,"""If you're going to ask for 4,000 suggestions, you need to be prepared to have 4,000 conversations,"" said Russell Raath, president of consulting at business management firm Kotter International, who has seen companies make the mistake of relying too much on data collection.","“4.000 öneri isteyecekseniz, 4.000 konuşmaya hazır olmanız gerekiyor” diyor, şirketlerin veri toplama konusunda çok fazla güvenme hatası yaptığını gören işletme müdürü Kotter International'ın danışmanı olan Russell Raath.","İşletme yönetimi firması Kotter International'da danışmanlık başkanı olan ve firmaların veri toplanmasına çok fazla güvenmesi hatasını yaptığını gören Russell Raath ""Eğer 4000 öneri isteyeceksiniz, 4000 konuşmaya hazır olmanız gerekiyor."" dedi.",-0.392089062079564,28.0,2,news
en-tr,"We also take the statute and the authority it gives us seriously.""","Aynı zamanda bizi ciddiye alan tüzük ve yetkiyi de alıyoruz. ""","Biz ayrıca kanunu ve onun bize verdiği yetkiyi ciddiye alırız.""",-1.23498876674047,2.0,1,news
en-tr,Now we will transfer one defender and one winger.,Şimdi bir defans oyuncusu ve bir kanatlıyı transfer edeceğiz.,Şimdi bir stoper ve kanat transferi yapacağız.,0.0662516614256822,65.0,1,news
en-tr,"""Eilidh is slightly modest.","""Eilidh biraz mütevazı.","""Eilidh biraz alçak gönüllü.",1.37204618397379,98.0,1,news
en-tr,"In it, the artist produced portraits of strangers from forensic artifacts like cigarette butts and chewing gum, extracting DNA from the detritus to conjure an image of what these folks might look like.","Sanatçıda, sigara izmaritleri ve sakız gibi adli eserlerden yabancıların portreleri üretildi ve DNA'nın detritustan çıkarılarak bu insanların neye benzediğine dair bir imgeyi ortaya çıkardı.","Bunda sanatçı, bu insanların neye benzeyebileceğine dair bir resim çıkarmak üzere sigara izmaritleri ve sakız gibi adli parçaların döküntülerinden DNA’yı süzerek portreler üretti.",-1.07661790492783,1.0,1,news
en-tr,Now it is time for defender and winger transfers!,Şimdi defans oyuncusu ve kanat oyuncusu transfer zamanı!,Sıra stoper ve kanat transferinde!,1.02187457826342,84.0,1,news
en-tr,"Turkish women cook well, but my girlfriend cooks better.",Türk kadınları iyi pişiriyor ama kız arkadaşım daha iyi yemek yapıyor.,Türk kadınları çok güzel yemek yapıyor ama sevgilim daha güzel yapıyor.,0.80420408785181,79.0,1,news
en-tr,"A talkative, continuously criticizing soldier.",Sürekli eleştiren bir asker.,"Çok konuşan, sürekli eleştiren bir asker.",0.366468766451261,68.0,1,news
en-tr,"In the search of the house, thirty-three ecstasy pills and a set of precision scales were taken.",Evin araştırmasında otuz üç ecstasy hapı ve bir dizi hassas ölçek alındı.,"Evde yapılan aramada, 33 extacy hap ile bir hassas terazi ele geçirildi.",0.408957898793436,69.0,1,news
en-tr,Breaking news: The Banli’s 5 kiosk shop was sealed off after his assault on Buyukersen,"Son dakika haberleri: Banli’nin 5 kiosk mağazası, Buyukersen'e yapılan saldırıdan sonra kapatıldı",Son dakika: Büyükerşen'e saldıran Banlı'nın 5 büfesi mühürlendi,0.833849222215188,79.0,1,news
en-tr,"You can feel her energy through the screen.""","Onun enerjisini ekran boyunca hissedebilirsiniz. ""","Ekrandan onun enerjisini hissedebiliyorsunuz.""",0.833849222215188,79.0,1,news
en-tr,"""'This is not usual,'"" Ferrell recalled saying.","Ferrell, ""Bu normal değil,"" diyordu.","Ferrell ""'Bu alışılmış değil.'"" dediğini hatırladı.",-0.815301719897246,21.0,1,news
en-tr,Transcripts of his first call with Australian Prime Minister Malcolm Turnbull were also published revealing a tense exchange.,İlk konuşmasının Avustralya Başbakanı Malcolm Turnbull ile yaptığı transkriptler de gergin bir takas ortaya çıktı.,Hararetli bir diyaloğu ortaya döken Avustralya başbakanı Malcolm Turnbull ile olan ilk görüşmesinin notları da yayınlandı.,-0.785933394399872,22.0,1,news
en-tr,Let’s not carry the old world’s fights over into tomorrow,Eski dünyanın kavgalarını yarına taşıyalım,Eski dünyanın kavgalarını yarına taşımayalım,0.0025407196983291,50.0,1,news
en-tr,Englishman Eales is looking forward to defending a championship for the first time despite winning on both the European Tour and European Challenge Tour in his 32-year career.,"İngiliz Eales, 32 yıllık kariyerinde Avrupa Turu ve Avrupa Mücadelesi Turu'nda kazanmasına rağmen ilk kez bir şampiyonluğu savunmayı dört gözle bekliyor.",İngiliz Eales hem Europen Tour'u hem de European Challenge Tour'unu kazanmasına rağmen 32 yıllık kariyerinde ilk kez bir şampiyonluğu koruma mücadelesi verecek.,0.626312669686569,86.0,1,news
en-tr,"Since Guzman's arrest last year and extradition to the United States in January, Sinaloa has been one of the country's bloodiest battlegrounds as rival factions fight to fill the vacuum.","Geçtiğimiz yılki Guzman'nın tutuklanmasından ve Ocak ayında ABD'ye iadesinden bu yana, Sinaloa, rakip grupları toprağı doldurmak için savaşırken ülkenin en kanlı savaş alanlarından biri oldu.",Geçen yıl Guzman'ın tutuklanmasından ve ocakta ABD'ye iadesinden sonra rakip gruplar boşluğu doldurmak için savaşırken Sinaloa ülkenin en kanlı savaş alanlarından biri oldu.,1.09200479795947,100.0,1,news
en-tr,"After going through the medical check, the Brazilian football player is expected to sign a contract with Galatasaray.",Sağlık kontrolünden geçtikten sonra Brezilyalı futbolcunun Galatasaray ile sözleşme imzalaması bekleniyor.,"Brezilyalı futbolcunun, sağlık kontrolünden geçtikten sonra sarı-kırmızılı takım ile sözleşme imzalaması bekleniyor.",1.09200479795947,100.0,1,news
en-tr,"Among the people who died in London’s Grenfell Tower fire that so far has resulted in thirty confirmed deaths was an Italian citizen, Gloria Trevisan, and her boyfriend.","Londra'nın Grenfell Tower yangında ölen insanlar arasında şimdiye dek otuz teyit edilmiş ölümle sonuçlanan bir İtalyan vatandaşı, Gloria Trevisan ve onun erkek arkadaşı vardı.","Şu ana dek 30 olduğu açıklanan Londra'daki Grenfell Tower yangınında ölenler arasında, yangın anında annesini arayarak, ""Ölmek istemiyorum anne, bu hiç adil değil.""",-0.43812648065149,54.0,1,news
en-tr,"First there was the publication in February of an interview with Damaso Lopez, a leader of one of the rival cartel factions at war with Guzman's sons.","Öncelikle, Şubat ayında, Oğul oğulları ile savaşta bulunan rakip kartel gruplarından biri olan Damaso Lopez ile yapılan bir röportaj yayınlandı.","Birincisi, şubat ayında yapılan bir yayında Guzman'ın oğullarıyla savaşta olan rakip kartel gruplarından birinin lideri Damaso Lopez ile olan röportaj vardı.",0.526521499342376,83.0,1,news
en-tr,There is no political uncertainty.,Siyasi belirsizlik yok.,Siyasi belirsizlik yok.,1.09200479795947,100.0,1,news
en-tr,Bank of England to keep interest rates at 0.25%,İngiltere Merkez Bankası faiz oranlarını% 0.25 seviyesinde tutuyor,"Bank of England faiz oranlarını %0,25'te tutacak",1.4233872248824,84.0,1,news
en-tr,"May all goodness enlighten you, may the smile be always in your face and in your heart.","Tüm iyilikler sizi aydınlatabilir, gülümseme her zaman yüzünüzde ve kalbinizde olabilir.","Güzellikler içinizi aydınlatsın, yüzünüzden ve yüreğinizden tebessüm eksilmesin.",-1.1701503279204,4.0,1,news
en-tr,"Now the order for the commandership was due for only remaining full admiral, that is Veysel Kösele.","Şimdi komutanlık emri, sadece tam amiral olarak kalmıştı, yani Veysel Kösele.",Şimdi komutanlık sırası tek oramiral olan Veysel Kösele'ye gelmişti.,-0.962556144218278,39.0,1,news
en-tr,"In his statement labeling as ""political forgers"", ""political snatchers"" those he alleges target the MHP, Buyukataman added that ""Nationalist movement is not abandoned on its own.""","Büyükelçi, ""siyasi hırsızlar"", ""siyasi hırsızlar"" olarak nitelendirdiği ifadesinde MHP'yi hedef aldığını iddia ederek, ""Milliyetçi hareketin kendi başına terk edilmediğini"" de sözlerine ekledi.","Açıklamasında, MHP'yi hedef aldığını ileri sürdüğü kişiler için ""siyaset kalpazanları"", ""siyasi kapkaççılar"" diyen Büyükataman, ""Milliyetçi hareket sahipsiz değildir.""",0.464579497758137,87.0,1,news
en-tr,"On the contrary, upon even the tiniest of their problems, they will come to us and we will resolve it.","Tam tersine, problemlerinin en küçüğüne bile, bize gelecekler ve çözeceğiz.","Tam tersine en ufak bir sorunları olduklarında bize gelecekler, biz çözeceğiz.",0.888080899547777,98.0,1,news
en-tr,"Over at Ruby Tuesday, the company is getting new insight on its employees, and it's hoping that in the long run, this will convert to better retention of workers in an industry known for high turnover.","Ruby Salı günü, şirket çalışanlarına yeni bir bakış açısı getiriyor ve uzun vadede işçilerin yüksek ciro ile bilinen bir sektörde daha iyi bir şekilde muhafaza edilmesini umuyor.","Ruby Tuesday'de, şirket, kendi çalışanları hakkında yeni içgörüler alıyor ve uzun vadede bunun, yüksek sayıda çalışan giriş çıkışı olduğu bilinen bu tür bir endüstride daha çok işçiyi tutabilmeye dönüşeceğini umuyor.",-1.08949900829116,5.0,1,news
en-tr,"Mom went shopping, 2 children died in a fire","Annem alışverişe gitti, 2 çocuk ateşte öldü","Anneleri alışverişe gitti, çıkan yangınında 2 çocuk hayatını kaybetti",-0.374515333751731,32.0,1,news
en-tr,"The EPA announced the decision to go ahead with the so-called ""2015 Ozone Designations"" late on Wednesday, saying it showed the agency's commitment to working with states.","EPA, Çarşamba günü geç saatlerde sözde ""2015 Ozon Gösterimleri"" ile ilgili olarak, ajansın devletlerle çalışma konusundaki kararlılığını gösterdiğini açıkladı.","EPA, çarşamba günü geç saatte örgütün eyaletlerle çalışma kararlılığını gösterdiğini söyleyerek ""2015 Ozon Kararları"" ile devam edeceği kararını açıkladı.",-0.612843225264875,23.0,1,news
en-tr,You told us before that you might have Turkish girlfriend.,Daha önce Türk kız arkadaşın olabileceğini söyledin.,Daha önce Türk sevgilin olabileceğini söylemiştin.,1.09200479795947,100.0,2,news
en-tr,"Announcing that the TRT’s advertisement revenue for 2016 was 224,456,182 TL, Yarkadaş said that the advertisement revenue is a drop in the ocean when compared to the personnel’s salaries and other expenses.","TRT’nin 2016 yılı reklam gelirinin 224.456.182 TL olduğunu belirten Yarkadaş, reklam gelirlerinin, personelin maaşları ve diğer harcamalarla karşılaştırıldığında okyanusta bir düşüş olduğunu söyledi.","TRT'nin 2016 yılındaki reklam gelirinin 224.456.182 TL olduğunu açıklayan Yarkadaş, personel maaşları ve diğer giderler hesaba katıldığında reklam gelirinin devede kulak olarak kaldığını belirtti.",0.483229861991383,55.0,1,news
en-tr,Civil rights group issues travel warning for Missouri,Missouri için sivil haklar grubu sorunları seyahat uyarısı,İnsan hakları grubu Missouri için seyahat uyarısı yayınladı,-0.521765939719704,24.0,1,news
en-tr,Information about the end of Utku’s loan on 1 August 2017 and his license being renewed on 2 August 2017 were also available on the website.,Utku’nun kredisinin 1 Ağustos 2017’de sona ermesi ve 2 Ağustos 2017’de yenilenen lisansına ilişkin bilgiler de web sitesinde mevcuttu.,"Utku'nun, 1 Ağustos 2017 itibarıyla geçici transfer statüsünden çıkarıldığı, 2 Ağustos'ta da lisansının yenilendiği bilgisi internet sitesinde görülüyor.",0.184960254384601,68.0,1,news